username,location_id,post
pirfect,1,I love the place!
sweetlady,2,Lorem ipsum dolor sit amet, consectetur adipiscing elit, sed do eiusmod tempor incididunt ut labore et dolore magna aliqua.
anenst,4,Duis aute irure dolor in reprehenderit in voluptate velit esse cillum dolore eu fugiat nulla pariatur.
robust,5,Excepteur sint occaecat cupidatat non proident, sunt in culpa qui officia deserunt mollit anim id est laborum.
leopard,1,I love the place!
yahoo,2,Lorem ipsum dolor sit amet, consectetur adipiscing elit, sed do eiusmod tempor incididunt ut labore et dolore magna aliqua.
bah,4,Ut enim ad minim veniam, quis nostrud exercitation ullamco laboris nisi ut aliquip ex ea commodo consequat.
neighboring,3,Duis aute irure dolor in reprehenderit in voluptate velit esse cillum dolore eu fugiat nulla pariatur.
geez,3,Excepteur sint occaecat cupidatat non proident, sunt in culpa qui officia deserunt mollit anim id est laborum.
stopper,2,Lorem ipsum dolor sit amet, consectetur adipiscing elit, sed do eiusmod tempor incididunt ut labore et dolore magna aliqua.
forenenst,6,Risus nullam eget felis eget nunc. Amet consectetur adipiscing elit ut aliquam purus sit amet. Integer vitae justo eget magna fermentum iaculis.
ZenithZephyr,1,Embark on a journey through the hidden gems of [a fictional place]. Explore the vibrant culture, taste exotic cuisines, and share your most memorable encounters! âœˆï¸ğŸŒ #TravelDiaries
tabtrumpetcancerskat,3,Unlock your full potential with a powerful workout routine. From strength training to yoga, discover the key to a healthier, happier you! ğŸ’ªğŸ§˜â€â™€ï¸ #FitnessMotivation
StellarSniper,5,Dive into the captivating world of [book title]. Share your thoughts on the characters, plot twists, and the overall impact of this literary masterpiece! ğŸ“šğŸŒŸ #BookLovers
QuantumQuasar,5,Stay ahead of the curve with the latest tech trends. From cutting-edge gadgets to futuristic innovations, explore the tech landscape of tomorrow! ğŸš€ğŸ”§ #TechTalk
EchoExplorer,9,Turn ordinary items into extraordinary creations! Join me on a DIY crafting adventure and let's bring out the artist in you. ğŸ¨âœ‚ï¸ #CraftyCreations
CrimsonComet,8,Uncover the enchanting beauty of [a fictional destination]. From ancient landmarks to breathtaking landscapes, every corner tells a unique story. ğŸ—ºï¸âœ¨ #TravelDreams
LunaLabyrinth,1,Embark on a culinary journey through the vibrant streets of [a fictional city]. Taste local delicacies, savor the flavors, and share your gastronomic adventures! ğŸœğŸŒ® #FoodTravel
ThunderTwister,2,Venture into the world of solo travel. Share the empowering experiences, unexpected encounters, and the freedom of exploring on your own terms. ğŸ‘£ğŸŒ #SoloExplorer
NebulaNomad,3,Join me as we uncover the hidden gems of [a fictional region]. From secluded beaches to quaint cafes, let's explore the treasures off the beaten path! ğŸ–ï¸ğŸµ #HiddenGems
SolarSorcerer,2,Immerse yourself in the rich tapestry of [a fictional culture]. Learn about traditions, festivals, and connect with locals for an authentic travel experience. ğŸŒğŸ¤ #CultureTrip
AzureAstronaut,7,Seek the thrill of adventure in the heart of [a fictional wilderness]. Share adrenaline-pumping activities, scenic hikes, and the raw beauty of nature. ğŸï¸ğŸšµâ€â™‚ï¸ #AdventureTime

LunaHarmony,1,Embark on a journey through the hidden gems of [a fictional place]. Explore the vibrant culture, taste exotic cuisines, and share your most memorable encounters! âœˆï¸ğŸŒ #TravelDiaries
SeraphicSculptor,3,Unlock your full potential with a powerful workout routine. From strength training to yoga, discover the key to a healthier, happier you! ğŸ’ªğŸ§˜â€â™€ï¸ #FitnessMotivation
LunaLullaby,5,Dive into the captivating world of [book title]. Share your thoughts on the characters, plot twists, and the overall impact of this literary masterpiece! ğŸ“šğŸŒŸ #BookLovers
EtherealElysium,5,Stay ahead of the curve with the latest tech trends. From cutting-edge gadgets to futuristic innovations, explore the tech landscape of tomorrow! ğŸš€ğŸ”§ #TechTalk
RadiantRhapsody,9,Turn ordinary items into extraordinary creations! Join me on a DIY crafting adventure and let's bring out the artist in you. ğŸ¨âœ‚ï¸ #CraftyCreations
EnigmaEverest,8,Uncover the enchanting beauty of [a fictional destination]. From ancient landmarks to breathtaking landscapes, every corner tells a unique story. ğŸ—ºï¸âœ¨ #TravelDreams
CelestialCanvas,1,Embark on a culinary journey through the vibrant streets of [a fictional city]. Taste local delicacies, savor the flavors, and share your gastronomic adventures! ğŸœğŸŒ® #FoodTravel
NebulaNectar,2,Venture into the world of solo travel. Share the empowering experiences, unexpected encounters, and the freedom of exploring on your own terms. ğŸ‘£ğŸŒ #SoloExplorer
EmberEmissary,3,Join me as we uncover the hidden gems of [a fictional region]. From secluded beaches to quaint cafes, let's explore the treasures off the beaten path! ğŸ–ï¸ğŸµ #HiddenGems
SolarSorcerer,2,Immerse yourself in the rich tapestry of [a fictional culture]. Learn about traditions, festivals, and connect with locals for an authentic travel experience. ğŸŒğŸ¤ #CultureTrip
WhisperingWhisper,7,Seek the thrill of adventure in the heart of [a fictional wilderness]. Share adrenaline-pumping activities, scenic hikes, and the raw beauty of nature. ğŸï¸ğŸšµâ€â™‚ï¸ #AdventureTime

LunaLabyrinth,1,Embark on a journey through the hidden gems of [a fictional place]. Explore the vibrant culture, taste exotic cuisines, and share your most memorable encounters! âœˆï¸ğŸŒ #TravelDiaries
tabtrumpetcancerskat,3,Unlock your full potential with a powerful workout routine. From strength training to yoga, discover the key to a healthier, happier you! ğŸ’ªğŸ§˜â€â™€ï¸ #FitnessMotivation
StellarSniper,5,Dive into the captivating world of [book title]. Share your thoughts on the characters, plot twists, and the overall impact of this literary masterpiece! ğŸ“šğŸŒŸ #BookLovers
QuantumQuasar,5,Stay ahead of the curve with the latest tech trends. From cutting-edge gadgets to futuristic innovations, explore the tech landscape of tomorrow! ğŸš€ğŸ”§ #TechTalk
EchoExplorer,9,Turn ordinary items into extraordinary creations! Join me on a DIY crafting adventure and let's bring out the artist in you. ğŸ¨âœ‚ï¸ #CraftyCreations
CrimsonComet,8,Uncover the enchanting beauty of [a fictional destination]. From ancient landmarks to breathtaking landscapes, every corner tells a unique story. ğŸ—ºï¸âœ¨ #TravelDreams
LunaLabyrinth,1,Embark on a culinary journey through the vibrant streets of [a fictional city]. Taste local delicacies, savor the flavors, and share your gastronomic adventures! ğŸœğŸŒ® #FoodTravel
ThunderTwister,2,Venture into the world of solo travel. Share the empowering experiences, unexpected encounters, and the freedom of exploring on your own terms. ğŸ‘£ğŸŒ #SoloExplorer
NebulaNomad,3,Join me as we uncover the hidden gems of [a fictional region]. From secluded beaches to quaint cafes, let's explore the treasures off the beaten path! ğŸ–ï¸ğŸµ #HiddenGems
SolarSorcerer,2,Immerse yourself in the rich tapestry of [a fictional culture]. Learn about traditions, festivals, and connect with locals for an authentic travel experience. ğŸŒğŸ¤ #CultureTrip
AzureAstronaut,7,Seek the thrill of adventure in the heart of [a fictional wilderness]. Share adrenaline-pumping activities, scenic hikes, and the raw beauty of nature. ğŸï¸ğŸšµâ€â™‚ï¸ #AdventureTime

ZenithZephyr,1,Embark on a journey through the hidden gems of [a fictional place]. Explore the vibrant culture, taste exotic cuisines, and share your most memorable encounters! âœˆï¸ğŸŒ #TravelDiaries
tabtrumpetcancerskat,3,Unlock your full potential with a powerful workout routine. From strength training to yoga, discover the key to a healthier, happier you! ğŸ’ªğŸ§˜â€â™€ï¸ #FitnessMotivation
StellarSniper,5,Dive into the captivating world of [book title]. Share your thoughts on the characters, plot twists, and the overall impact of this literary masterpiece! ğŸ“šğŸŒŸ #BookLovers
QuantumQuasar,5,Stay ahead of the curve with the latest tech trends. From cutting-edge gadgets to futuristic innovations, explore the tech landscape of tomorrow! ğŸš€ğŸ”§ #TechTalk
EchoExplorer,9,Turn ordinary items into extraordinary creations! Join me on a DIY crafting adventure and let's bring out the artist in you. ğŸ¨âœ‚ï¸ #CraftyCreations
CrimsonComet,8,Get lost in the tranquility of [a fictional island]. White sandy beaches, crystal-clear waters, and tropical vibesâ€”let's escape to paradise together! ğŸï¸ğŸŒº #IslandGetaway
LunaLabyrinth,1,Step back in time and explore the historical wonders of [a fictional historical site]. Share tales of the past, architectural marvels, and ancient mysteries. ğŸ°âŒ› #HistoryBuff
ThunderTwister,2,Hit the open road on an epic road trip. Share the scenic routes, quirky roadside attractions, and the freedom of a journey with no fixed destination. ğŸš—ğŸ›£ï¸ #RoadTripping
NebulaNomad,3,Indulge in the lap of luxury at [a fictional resort]. From spa retreats to gourmet dining, experience the epitome of opulence and share the glamour! ğŸ’ğŸ° #LuxuryTravel
SolarSorcerer,2,Seek the thrill of adventure in the heart of [a fictional wilderness]. Share adrenaline-pumping activities, scenic hikes, and the raw beauty of nature. ğŸï¸ğŸšµâ€â™‚ï¸ #AdventureTime
AzureAstronaut,7,Immerse yourself in the rich tapestry of [a fictional culture]. Learn about traditions, festivals, and connect with locals for an authentic travel experience. ğŸŒğŸ¤ #CultureTrip

ZenithZephyr,1,Embark on a journey through the hidden gems of [a fictional place]. Explore the vibrant culture, taste exotic cuisines, and share your most memorable encounters! âœˆï¸ğŸŒ #TravelDiaries
tabtrumpetcancerskat,3,Unlock your full potential with a powerful workout routine. From strength training to yoga, discover the key to a healthier, happier you! ğŸ’ªğŸ§˜â€â™€ï¸ #FitnessMotivation
StellarSniper,5,Dive into the captivating world of [book title]. Share your thoughts on the characters, plot twists, and the overall impact of this literary masterpiece! ğŸ“šğŸŒŸ #BookLovers
QuantumQuasar,5,Join me as we uncover the hidden gems of [a fictional region]. From secluded beaches to quaint cafes, let's explore the treasures off the beaten path! ğŸ–ï¸ğŸµ #HiddenGems
EchoExplorer,9,Venture into the world of solo travel. Share the empowering experiences, unexpected encounters, and the freedom of exploring on your own terms. ğŸ‘£ğŸŒ #SoloExplorer
CrimsonComet,8,Embark on a culinary journey through the vibrant streets of [a fictional city]. Taste local delicacies, savor the flavors, and share your gastronomic adventures! ğŸœğŸŒ® #FoodTravel
LunaLabyrinth,1,Uncover the enchanting beauty of [a fictional destination]. From ancient landmarks to breathtaking landscapes, every corner tells a unique story. ğŸ—ºï¸âœ¨ #TravelDreams
ThunderTwister,2,Embarking on a coastal adventure along the breathtaking shores of [Fictional Coastal Destination]. From the rhythmic waves to the golden sands, every moment is a picturesque escape. Follow along as I discover hidden coves, indulge in seafood delights, and chase sunsets by the sea. ğŸŒŠğŸ–ï¸ #CoastalEscape #TravelDreams
NebulaNomad,3,Delving into the rich history of [Fictional Historical City]. Roaming through ancient streets, exploring grand monuments, and unraveling tales of the past. Join me on a journey through time as we uncover the historical treasures that make this city truly extraordinary. ğŸ°ğŸ•°ï¸ #HistoricalExploration #TimeTraveler
SolarSorcerer,2,Lorem ipsum dolor sit amet, consectetur adipiscing elit, sed do eiusmod tempor incididunt ut labore et dolore magna aliqua.
AzureAstronaut,7,Risus nullam eget felis eget nunc. Amet consectetur adipiscing elit ut aliquam purus sit amet. Integer vitae justo eget magna fermentum iaculis.forenenst,6,Risus nullam eget felis eget nunc. Amet consectetur adipiscing elit ut aliquam purus sit amet. Integer vitae justo eget magna fermentum iaculis.

ZenithZephyr,1,Embarking on a high-altitude adventure amidst the majestic peaks of [Fictional Mountain Range]. From serene alpine lakes to challenging hikes, each step offers a new perspective. Join the expedition as we breathe in the crisp mountain air and witness the awe-inspiring beauty that only high altitudes can provide. â›°ï¸ğŸï¸ #MountainAdventure #ElevateYourJourney
tabtrumpetcancerskat,3,Navigating the vibrant streets and skyline of [Fictional City]. From iconic landmarks to local gems, join me as I uncover the heartbeat of this urban oasis. ğŸ™ï¸âœ¨ #CityAdventures #UrbanExploration
StellarSniper,5,Discovering the tranquility of [Fictional Island]. Surrounded by turquoise waters and swaying palms, it's a haven for relaxation and rejuvenation. Dive into the island life with me! ğŸï¸ğŸŒº #IslandEscape #ParadiseFound
QuantumQuasar,5,Setting up camp under the stars in [Fictional Desert]. The vast expanse, the silence of the dunes, and a sky filled with constellations. Join the nocturnal nomad journey! ğŸŒŒâ›º #DesertDreams #StarryNights
EchoExplorer,9,Immersing in the vibrant tapestry of [Fictional Cultural Festival]. From traditional dances to local delicacies, experience the cultural kaleidoscope with me! ğŸ‰ğŸŒ #CulturalJourney #GlobalFest
CrimsonComet,8,Ascending to new heights in [Fictional Mountain Range]. The crisp mountain air, the challenge of the ascent, and the breathtaking views. Let's conquer the peaks together! â›°ï¸ğŸ”ï¸ #MountainMagic #HighAltitude
LunaLabyrinth,1,Traversing the wilderness in search of hidden waterfalls in [Fictional Forest]. Each cascade unveils a secret of nature's beauty. Ready to chase waterfalls? ğŸŒ¿ğŸï¸ #WaterfallWonders #NatureQuest
ThunderTwister,2,Savoring the flavors of [Fictional Culinary Capital]. From street food stalls to fine dining, join me on a gastronomic journey through the heart of culinary excellence. ğŸœğŸ² #FoodExplorer #CulinaryTour
NebulaNomad,3,Excepteur sint occaecat cupidatat non proident, sunt in culpa qui officia deserunt mollit anim id est laborum.
SolarSorcerer,2,Lorem ipsum dolor sit amet, consectetur adipiscing elit, sed do eiusmod tempor incididunt ut labore et dolore magna aliqua.
AzureAstronaut,7,Risus nullam eget felis eget nunc. Amet consectetur adipiscing elit ut aliquam purus sit amet. Integer vitae justo eget magna fermentum iaculis.forenenst,6,Risus nullam eget felis eget nunc. Amet consectetur adipiscing elit ut aliquam purus sit amet. Integer vitae justo eget magna fermentum iaculis.

villainous,1,I love the place!
tabtrumpetcancerskat,3,Lorem ipsum dolor sit amet, consectetur adipiscing elit, sed do eiusmod tempor incididunt ut labore et dolore magna aliqua.
StellarSniper,4,Duis aute irure dolor in reprehenderit in voluptate velit esse cillum dolore eu fugiat nulla pariatur.
QuantumQuasar,5,Excepteur sint occaecat cupidatat non proident, sunt in culpa qui officia deserunt mollit anim id est laborum.
EchoExplorer,1,I love the place!
CrimsonComet,2,Lorem ipsum dolor sit amet, consectetur adipiscing elit, sed do eiusmod tempor incididunt ut labore et dolore magna aliqua.
LunaLabyrinth,4,Ut enim ad minim veniam, quis nostrud exercitation ullamco laboris nisi ut aliquip ex ea commodo consequat.
ThunderTwister,3,Duis aute irure dolor in reprehenderit in voluptate velit esse cillum dolore eu fugiat nulla pariatur.
NebulaNomad,3,Excepteur sint occaecat cupidatat non proident, sunt in culpa qui officia deserunt mollit anim id est laborum.
SolarSorcerer,2,Lorem ipsum dolor sit amet, consectetur adipiscing elit, sed do eiusmod tempor incididunt ut labore et dolore magna aliqua.
AzureAstronaut,7,Risus nullam eget felis eget nunc. Amet consectetur adipiscing elit ut aliquam purus sit amet. Integer vitae justo eget magna fermentum iaculis.forenenst,6,Risus nullam eget felis eget nunc. Amet consectetur adipiscing elit ut aliquam purus sit amet. Integer vitae justo eget magna fermentum iaculis.

villainous,1,I love the place!
tabtrumpetcancerskat,2,Lorem ipsum dolor sit amet, consectetur adipiscing elit, sed do eiusmod tempor incididunt ut labore et dolore magna aliqua.
StellarSniper,4,Duis aute irure dolor in reprehenderit in voluptate velit esse cillum dolore eu fugiat nulla pariatur.
QuantumQuasar,5,Excepteur sint occaecat cupidatat non proident, sunt in culpa qui officia deserunt mollit anim id est laborum.
EchoExplorer,1,I love the place!
CrimsonComet,2,Lorem ipsum dolor sit amet, consectetur adipiscing elit, sed do eiusmod tempor incididunt ut labore et dolore magna aliqua.
LunaLabyrinth,4,Ut enim ad minim veniam, quis nostrud exercitation ullamco laboris nisi ut aliquip ex ea commodo consequat.
ThunderTwister,3,Duis aute irure dolor in reprehenderit in voluptate velit esse cillum dolore eu fugiat nulla pariatur.
NebulaNomad,3,Excepteur sint occaecat cupidatat non proident, sunt in culpa qui officia deserunt mollit anim id est laborum.
stopper,2,Lorem ipsum dolor sit amet, consectetur adipiscing elit, sed do eiusmod tempor incididunt ut labore et dolore magna aliqua.
forenenst,6,Risus nullam eget felis eget nunc. Amet consectetur adipiscing elit ut aliquam purus sit amet. Integer vitae justo eget magna fermentum iaculis.